"Country","cases","deads","mortality","deadsPER100k"
"San Marino",741,42,5.7,124.32
"Peru",851171,33357,3.9,104.28
"Belgium",165880,10211,6.2,89.4
"Andorra",2995,57,1.9,74.02
"Bolivia",138695,8326,6,73.34
"Brazil",5103408,150689,3,71.94
"Ecuador",147315,12218,8.3,71.52
"Chile",482832,13376,2.8,71.42
"Spain",888968,33124,3.7,70.89
"Mexico",821045,83945,10.2,66.52
"United States",7804199,215085,2.8,65.74
"United Kingdom",620458,42965,6.9,64.62
"Italy",359569,36205,10.1,59.91
"Panama",120802,2502,2.1,59.9
"Sweden",98451,5894,6,57.88
"Colombia",919084,27985,3,56.37
"Argentina",903730,24186,2.7,54.36
"France",776097,32703,4.2,48.82
"Moldova",62618,1478,2.4,41.68
"Netherlands",187138,6654,3.6,38.62
"North Macedonia",21113,797,3.8,38.26
"Ireland",43351,1827,4.2,37.64
"Iran",504281,28816,5.7,35.23
"Kosovo",16247,648,4,35.12
"Armenia",56821,1026,1.8,34.76
"Montenegro",14050,211,1.5,33.9
"South Africa",693359,17863,2.6,30.92
"Bosnia and Herzegovina",30837,936,3,28.16
"Romania",157352,5467,3.5,28.07
"Bahamas",5163,108,2.1,28.01
"Honduras",84413,2521,3,26.29
"Canada",185378,9680,5.2,26.12
"Iraq",405437,9912,2.4,25.79
"Switzerland",64436,2096,3.3,24.61
"Israel",294031,2021,0.7,22.75
"Costa Rica",89223,1108,1.2,22.16
"Oman",106575,1046,1,21.66
"Luxembourg",9119,128,1.4,21.06
"Dominican Republic",118843,2179,1.8,20.5
"Portugal",87913,2094,2.4,20.37
"Guatemala",97826,3387,3.5,19.64
"Suriname",5058,107,2.1,18.58
"Bahrain",75948,280,0.4,17.84
"Kyrgyzstan",49528,1090,2.2,17.26
"Kuwait",111893,664,0.6,16.05
"Paraguay",50344,1096,2.2,15.76
"Russia",1305093,22594,1.7,15.64
"Saudi Arabia",339615,5068,1.5,15.04
"Albania",15570,424,2.7,14.79
"El Salvador",30196,894,3,13.92
"Cabo Verde",7155,75,1,13.79
"Guyana",3521,104,3,13.35
"Bulgaria",24989,915,3.7,13.03
"Germany",332850,9640,2.9,11.62
"Denmark",33304,671,2,11.57
"Ukraine",272671,5143,1.9,11.53
"Serbia",34854,765,2.2,10.96
"Turkey",337147,8895,2.6,10.81
"Eswatini",5683,113,2,9.95
"Hungary",38837,968,2.5,9.91
"Czech Republic",121421,1051,0.9,9.89
"Austria",56298,855,1.5,9.66
"Belize",2569,37,1.4,9.66
"Libya",43821,644,1.5,9.64
"Kazakhstan",108901,1746,1.6,9.55
"Belarus",83998,901,1.1,9.5
"Malta",3844,43,1.1,8.89
"West Bank and Gaza",44684,387,0.9,8.47
"Slovenia",8832,169,1.9,8.17
"India",7175880,109856,1.5,8.12
"Poland",130210,3039,2.3,8
"Croatia",20621,327,1.6,8
"Qatar",128191,220,0.2,7.91
"Morocco",153761,2636,1.7,7.32
"Sao Tome and Principe",929,15,1.6,7.11
"Lebanon",54624,466,0.9,6.8
"Maldives",10943,35,0.3,6.79
"Trinidad and Tobago",5116,92,1.8,6.62
"Djibouti",5426,61,1.1,6.36
"Equatorial Guinea",5066,83,1.6,6.34
"Finland",12212,346,2.8,6.27
"Egypt",104648,6062,5.8,6.16
"Azerbaijan",42104,609,1.4,6.13
"Philippines",342816,6332,1.8,5.94
"Namibia",11989,129,1.1,5.27
"Norway",15639,276,1.8,5.19
"Gambia",3636,118,3.2,5.18
"Estonia",3883,68,1.8,5.15
"Jamaica",7813,146,1.9,4.97
"United Arab Emirates",107293,446,0.4,4.63
"Indonesia",336716,11935,3.5,4.46
"Algeria",53325,1809,3.4,4.28
"Greece",22652,456,2,4.25
"Tunisia",32556,478,1.5,4.13
"Afghanistan",39870,1479,3.7,3.98
"Mauritania",7554,163,2.2,3.7
"Lithuania",6248,103,1.6,3.69
"Australia",27310,899,3.3,3.6
"Bangladesh",379738,5555,1.5,3.44
"Antigua and Barbuda",111,3,2.7,3.12
"Pakistan",319848,6588,2.1,3.1
"Iceland",3582,10,0.3,2.83
"Gabon",8860,54,0.6,2.55
"Georgia",12272,93,0.8,2.49
"Barbados",208,7,3.4,2.44
"Venezuela",83756,704,0.8,2.44
"Nicaragua",5264,153,2.9,2.37
"Nepal",111802,645,0.6,2.3
"Guinea-Bissau",2389,41,1.7,2.19
"Cyprus",2047,25,1.2,2.1
"Yemen",2052,596,29,2.09
"Jordan",26073,207,0.8,2.08
"Latvia",2765,40,1.4,2.08
"Haiti",8882,230,2.6,2.07
"Sudan",13691,836,6.1,2
"Lesotho",1805,42,2.3,1.99
"Zambia",15549,345,2.2,1.99
"Senegal",15292,315,2.1,1.99
"Congo, Dem. Rep.",5118,90,1.8,1.72
"Liberia",1371,82,6,1.7
"Cameroon",21203,423,2,1.68
"Zimbabwe",8021,230,2.9,1.59
"Uzbekistan",61319,509,0.8,1.54
"Kenya",41619,777,1.9,1.51
"Uruguay",2313,51,2.2,1.48
"Syria",4774,228,4.8,1.35
"Central African Republic",4854,62,1.3,1.33
"Japan",89652,1631,1.8,1.29
"Burma",29314,664,2.3,1.24
"Ethiopia",85136,1301,1.5,1.19
"Slovakia",20355,61,0.3,1.12
"Cuba",6000,123,2.1,1.08
"Ghana",47030,308,0.7,1.03
"Malawi",5824,180,3.1,0.99
"Sierra Leone",2306,72,3.1,0.94
"Madagascar",16726,237,1.4,0.9
"Botswana",3515,20,0.6,0.89
"Tajikistan",10260,79,0.8,0.87
"Comoros",495,7,1.4,0.84
"South Korea",24805,434,1.7,0.84
"Mauritius",404,10,2.5,0.79
"Angola",6488,219,3.4,0.71
"Brunei",146,3,2.1,0.7
"Mali",3296,132,4,0.69
"Somalia",3864,99,2.6,0.66
"Togo",1949,49,2.5,0.62
"Chad",1308,92,7,0.59
"Nigeria",60430,1115,1.8,0.57
"Guinea",11062,70,0.6,0.56
"New Zealand",1872,25,1.3,0.51
"Malaysia",16220,159,1,0.5
"South Sudan",2787,55,2,0.5
"Singapore",57880,28,0,0.5
"Cote d'Ivoire",20155,120,0.6,0.48
"Benin",2411,41,1.7,0.36
"China",90830,4739,5.2,0.34
"Congo, Rep.",10868,276,2.5,0.33
"Burkina Faso",2294,63,2.7,0.32
"Niger",1202,69,5.7,0.31
"Rwanda",4905,32,0.7,0.26
"Mozambique",10088,72,0.7,0.24
"Uganda",9864,94,1,0.22
"Thailand",3643,59,1.6,0.08
"Papua New Guinea",565,7,1.2,0.08
"Sri Lanka",4844,13,0.3,0.06
"Tanzania",509,21,4.1,0.04
"Vietnam",1110,35,3.2,0.04
"Taiwan",529,7,1.3,0.03
